symbol,level,method,PICP,exc,exp_exc,p_1sided,pass1s,p_cc,CI_cov
sh000300,80,raw,57.0,43,20,0.0,False,0.0,"[34, 82]"
sh000300,80,sc,66.0,34,20,0.0007,False,0.0,"[45, 86]"
sh000300,80,aci,73.0,27,20,0.0558,True,0.0012,"[62, 84]"
sh000300,80,rcac,88.0,12,20,0.9874,True,0.0002,"[74, 99]"
sh000300,80,gated,80.0,20,20,0.5398,True,0.0026,"[67, 94]"
sh000300,80,sym,88.0,12,20,0.9874,True,0.0002,"[74, 99]"
sh000300,80,agaci,74.0,26,20,0.0875,True,0.0078,"[62, 87]"
sh000300,80,garch,85.0,15,20,0.9196,True,0.0002,"[61, 100]"
sh000300,80,hsim,71.0,29,20,0.02,False,0.0,"[41, 91]"
sh000300,80,cqr,59.0,41,20,0.0,False,0.0,"[29, 83]"
sh000300,80,enbpi,74.0,26,20,0.0875,True,0.0,"[43, 94]"
sh000300,90,raw,64.0,36,10,0.0,False,0.0,"[42, 87]"
sh000300,90,sc,84.0,16,10,0.0399,False,0.0,"[68, 98]"
sh000300,90,aci,82.0,18,10,0.01,False,0.0007,"[72, 93]"
sh000300,90,rcac,88.0,12,10,0.297,True,0.0001,"[76, 99]"
sh000300,90,gated,83.0,17,10,0.0206,False,0.0005,"[74, 94]"
sh000300,90,sym,88.0,12,10,0.297,True,0.0001,"[76, 99]"
sh000300,90,agaci,83.0,17,10,0.0206,False,0.0005,"[72, 95]"
sh000300,90,garch,95.0,5,10,0.9763,True,0.0883,"[87, 100]"
sh000300,90,hsim,90.0,10,10,0.5487,True,0.1691,"[75, 99]"
sh000300,90,cqr,67.0,33,10,0.0,False,0.0,"[37, 91]"
sh000300,90,enbpi,94.0,6,10,0.9424,True,0.2288,"[82, 100]"
sh000300,95,raw,72.0,28,5,0.0,False,0.0,"[56, 88]"
sh000300,95,sc,88.0,12,5,0.0043,False,0.0,"[78, 98]"
sh000300,95,aci,81.0,19,5,0.0,False,0.0,"[70, 93]"
sh000300,95,rcac,86.0,14,5,0.0005,False,0.0,"[72, 99]"
sh000300,95,gated,84.0,16,5,0.0,False,0.0,"[71, 97]"
sh000300,95,sym,86.0,14,5,0.0005,False,0.0,"[72, 99]"
sh000300,95,agaci,81.0,19,5,0.0,False,0.0,"[70, 93]"
sh000300,95,garch,98.0,2,5,0.9629,True,0.2849,"[94, 100]"
sh000300,95,hsim,97.0,3,5,0.8817,True,0.1002,"[91, 100]"
sh000300,95,cqr,72.0,28,5,0.0,False,0.0,"[42, 94]"
sh000300,95,enbpi,98.0,2,5,0.9629,True,0.2849,"[94, 100]"
sh000905,80,raw,59.0,41,20,0.0,False,0.0,"[33, 83]"
sh000905,80,sc,73.0,27,20,0.0558,True,0.0,"[47, 98]"
sh000905,80,aci,77.0,23,20,0.2611,True,0.0328,"[70, 86]"
sh000905,80,rcac,86.0,14,20,0.9531,True,0.0005,"[76, 96]"
sh000905,80,gated,83.0,17,20,0.8077,True,0.0004,"[71, 96]"
sh000905,80,sym,86.0,14,20,0.9531,True,0.0005,"[76, 96]"
sh000905,80,agaci,79.0,21,20,0.4405,True,0.0347,"[70, 90]"
sh000905,80,garch,85.0,15,20,0.9196,True,0.0,"[61, 100]"
sh000905,80,hsim,73.0,27,20,0.0558,True,0.0,"[52, 90]"
sh000905,80,cqr,51.0,49,20,0.0,False,0.0,"[30, 76]"
sh000905,80,enbpi,76.0,24,20,0.1891,True,0.0,"[58, 91]"
sh000905,90,raw,60.0,40,10,0.0,False,0.0,"[43, 80]"
sh000905,90,sc,89.0,11,10,0.4168,True,0.0,"[69, 100]"
sh000905,90,aci,84.0,16,10,0.0399,False,0.0123,"[70, 98]"
sh000905,90,rcac,89.0,11,10,0.4168,True,0.0004,"[75, 99]"
sh000905,90,gated,87.0,13,10,0.1982,True,0.0033,"[73, 99]"
sh000905,90,sym,89.0,11,10,0.4168,True,0.0004,"[75, 99]"
sh000905,90,agaci,84.0,16,10,0.0399,False,0.0003,"[69, 99]"
sh000905,90,garch,89.0,11,10,0.4168,True,0.0,"[69, 100]"
sh000905,90,hsim,83.0,17,10,0.0206,False,0.0,"[62, 97]"
sh000905,90,cqr,70.0,30,10,0.0,False,0.0,"[53, 86]"
sh000905,90,enbpi,86.0,14,10,0.1239,True,0.0,"[71, 99]"
sh000905,95,raw,79.0,21,5,0.0,False,0.0,"[55, 100]"
sh000905,95,sc,98.0,2,5,0.9629,True,0.0176,"[94, 100]"
sh000905,95,aci,90.0,10,5,0.0282,False,0.0,"[80, 99]"
sh000905,95,rcac,91.0,9,5,0.0631,True,0.0001,"[81, 99]"
sh000905,95,gated,90.0,10,5,0.0282,False,0.0,"[80, 99]"
sh000905,95,sym,91.0,9,5,0.0631,True,0.0001,"[81, 99]"
sh000905,95,agaci,90.0,10,5,0.0282,False,0.0,"[80, 99]"
sh000905,95,garch,93.0,7,5,0.234,True,0.0,"[79, 100]"
sh000905,95,hsim,92.0,8,5,0.128,True,0.0,"[80, 100]"
sh000905,95,cqr,74.0,26,5,0.0,False,0.0,"[55, 90]"
sh000905,95,enbpi,94.0,6,5,0.384,True,0.0892,"[86, 100]"
600519,80,raw,42.0,58,20,0.0,False,0.0,"[13, 72]"
600519,80,sc,75.0,25,20,0.1314,True,0.0,"[48, 98]"
600519,80,aci,74.0,26,20,0.0875,True,0.0,"[47, 95]"
600519,80,rcac,84.0,16,20,0.8715,True,0.0001,"[66, 99]"
600519,80,gated,78.0,22,20,0.346,True,0.0,"[50, 99]"
600519,80,sym,81.0,19,20,0.6379,True,0.0,"[62, 99]"
600519,80,agaci,75.0,25,20,0.1314,True,0.0,"[47, 96]"
600519,80,garch,71.0,29,20,0.02,False,0.0,"[38, 97]"
600519,80,hsim,63.0,37,20,0.0001,False,0.0,"[32, 87]"
600519,80,cqr,49.0,51,20,0.0,False,0.0,"[23, 74]"
600519,80,enbpi,64.0,36,20,0.0001,False,0.0,"[32, 87]"
600519,90,raw,47.0,53,10,0.0,False,0.0,"[12, 82]"
600519,90,sc,82.0,18,10,0.01,False,0.0,"[60, 100]"
600519,90,aci,78.0,22,10,0.0003,False,0.0,"[46, 98]"
600519,90,rcac,83.0,17,10,0.0206,False,0.0,"[58, 100]"
600519,90,gated,80.0,20,10,0.002,False,0.0,"[49, 100]"
600519,90,sym,80.0,20,10,0.002,False,0.0,"[56, 100]"
600519,90,agaci,78.0,22,10,0.0003,False,0.0,"[46, 98]"
600519,90,garch,82.0,18,10,0.01,False,0.0,"[60, 100]"
600519,90,hsim,73.0,27,10,0.0,False,0.0,"[37, 96]"
600519,90,cqr,50.0,50,10,0.0,False,0.0,"[23, 78]"
600519,90,enbpi,73.0,27,10,0.0,False,0.0,"[36, 96]"
600519,95,raw,46.0,54,5,0.0,False,0.0,"[15, 78]"
600519,95,sc,82.0,18,5,0.0,False,0.0,"[55, 100]"
600519,95,aci,82.0,18,5,0.0,False,0.0,"[49, 100]"
600519,95,rcac,84.0,16,5,0.0,False,0.0,"[55, 100]"
600519,95,gated,82.0,18,5,0.0,False,0.0,"[49, 100]"
600519,95,sym,80.0,20,5,0.0,False,0.0,"[55, 100]"
600519,95,agaci,82.0,18,5,0.0,False,0.0,"[49, 100]"
600519,95,garch,94.0,6,5,0.384,True,0.0023,"[86, 100]"
600519,95,hsim,80.0,20,5,0.0,False,0.0,"[43, 100]"
600519,95,cqr,60.0,40,5,0.0,False,0.0,"[29, 88]"
600519,95,enbpi,89.0,11,5,0.0115,False,0.0,"[73, 100]"
